Timestamp,UTC,Callsign,Position,Altitude,Speed,Direction
1584436926,2020-03-17T09:22:06Z,KLM281,"52.314148,4.770241",0,0,271
1584437115,2020-03-17T09:25:15Z,KLM281,"52.314045,4.770499",0,14,303
1584437128,2020-03-17T09:25:28Z,KLM281,"52.313896,4.770908",0,15,309
1584437136,2020-03-17T09:25:36Z,KLM281,"52.313797,4.771186",0,14,337
1584437149,2020-03-17T09:25:49Z,KLM281,"52.31353,4.771385",0,14,11
1584437158,2020-03-17T09:25:58Z,KLM281,"52.313324,4.771347",0,15,30
1584437169,2020-03-17T09:26:09Z,KLM281,"52.313087,4.771088",0,15,33
1584437180,2020-03-17T09:26:20Z,KLM281,"52.312878,4.770852",0,15,33
1584437194,2020-03-17T09:26:34Z,KLM281,"52.312576,4.770538",0,14,33
1584437205,2020-03-17T09:26:45Z,KLM281,"52.312378,4.770322",0,12,30
1584437445,2020-03-17T09:30:45Z,KLM281,"52.31258,4.770527",0,16,30
1584437453,2020-03-17T09:30:53Z,KLM281,"52.312763,4.770737",0,20,33
1584437462,2020-03-17T09:31:02Z,KLM281,"52.312973,4.771225",0,23,56
1584437468,2020-03-17T09:31:08Z,KLM281,"52.313007,4.771676",0,22,78
1584437480,2020-03-17T09:31:20Z,KLM281,"52.312984,4.772422",0,23,92
1584437486,2020-03-17T09:31:26Z,KLM281,"52.312969,4.772911",0,26,90
1584437492,2020-03-17T09:31:32Z,KLM281,"52.312958,4.773483",0,27,92
1584437503,2020-03-17T09:31:43Z,KLM281,"52.312912,4.774418",0,29,95
1584437512,2020-03-17T09:31:52Z,KLM281,"52.312649,4.775009",0,24,135
1584437519,2020-03-17T09:31:59Z,KLM281,"52.312378,4.77507",0,25,168
1584437533,2020-03-17T09:32:13Z,KLM281,"52.311646,4.775031",0,27,182
1584437540,2020-03-17T09:32:20Z,KLM281,"52.311344,4.77499",0,27,182
1584437548,2020-03-17T09:32:28Z,KLM281,"52.310852,4.774933",0,28,182
1584437554,2020-03-17T09:32:34Z,KLM281,"52.310562,4.774913",0,28,182
1584437566,2020-03-17T09:32:46Z,KLM281,"52.309898,4.774835",0,29,182
1584437572,2020-03-17T09:32:52Z,KLM281,"52.309494,4.774796",0,30,182
1584437581,2020-03-17T09:33:01Z,KLM281,"52.308922,4.774756",0,31,182
1584437588,2020-03-17T09:33:08Z,KLM281,"52.308575,4.774723",0,28,182
1584437598,2020-03-17T09:33:18Z,KLM281,"52.308014,4.774685",0,28,182
1584437606,2020-03-17T09:33:26Z,KLM281,"52.307659,4.774647",0,24,182
1584437612,2020-03-17T09:33:32Z,KLM281,"52.30743,4.774609",0,19,182
1584437626,2020-03-17T09:33:46Z,KLM281,"52.30719,4.77459",0,0,187
1584437682,2020-03-17T09:34:42Z,KLM281,"52.306984,4.77457",0,12,182
1584437696,2020-03-17T09:34:56Z,KLM281,"52.306618,4.774704",0,19,163
1584437706,2020-03-17T09:35:06Z,KLM281,"52.306293,4.774972",0,21,151
1584437713,2020-03-17T09:35:13Z,KLM281,"52.306026,4.775208",0,20,151
1584437722,2020-03-17T09:35:22Z,KLM281,"52.305805,4.775384",0,14,151
1584437734,2020-03-17T09:35:34Z,KLM281,"52.305576,4.775562",0,16,151
1584437747,2020-03-17T09:35:47Z,KLM281,"52.305244,4.775848",0,20,151
1584437755,2020-03-17T09:35:55Z,KLM281,"52.304935,4.776096",0,21,151
1584437770,2020-03-17T09:36:10Z,KLM281,"52.304398,4.776611",0,18,149
1584437780,2020-03-17T09:36:20Z,KLM281,"52.304192,4.776592",0,14,180
1584437792,2020-03-17T09:36:32Z,KLM281,"52.304123,4.776344",0,9,219
1584437821,2020-03-17T09:37:01Z,KLM281,"52.304077,4.776134",0,12,233
1584437828,2020-03-17T09:37:08Z,KLM281,"52.303768,4.775364",0,31,236
1584437834,2020-03-17T09:37:14Z,KLM281,"52.303265,4.774075",0,48,236
1584437872,2020-03-17T09:37:52Z,KLM281,"52.291386,4.74319",0,164,237
1584437879,2020-03-17T09:37:59Z,KLM281,"52.288971,4.737091",100,161,237
1584437886,2020-03-17T09:38:06Z,KLM281,"52.286407,4.730606",400,159,237
1584437892,2020-03-17T09:38:12Z,KLM281,"52.283936,4.724514",675,157,236
1584437898,2020-03-17T09:38:18Z,KLM281,"52.281464,4.718475",925,157,236
1584437904,2020-03-17T09:38:24Z,KLM281,"52.279083,4.712753",1175,159,236
1584437915,2020-03-17T09:38:35Z,KLM281,"52.273911,4.700546",1500,166,233
1584437921,2020-03-17T09:38:41Z,KLM281,"52.271027,4.694824",1600,170,229
1584437928,2020-03-17T09:38:48Z,KLM281,"52.267548,4.689044",1700,178,223
1584437937,2020-03-17T09:38:57Z,KLM281,"52.261822,4.680333",1875,188,223
1584437943,2020-03-17T09:39:03Z,KLM281,"52.258072,4.674377",1925,193,223
1584437954,2020-03-17T09:39:14Z,KLM281,"52.250198,4.661255",2050,211,226
1584437960,2020-03-17T09:39:20Z,KLM281,"52.246582,4.654388",2175,217,230
1584437968,2020-03-17T09:39:28Z,KLM281,"52.242039,4.642273",2375,223,243
1584437975,2020-03-17T09:39:35Z,KLM281,"52.239624,4.632645",2550,227,249
1584437981,2020-03-17T09:39:41Z,KLM281,"52.237518,4.62059",2750,233,255
1584437988,2020-03-17T09:39:48Z,KLM281,"52.236053,4.610519",2950,236,256
1584437996,2020-03-17T09:39:56Z,KLM281,"52.233425,4.594718",3275,239,254
1584438002,2020-03-17T09:40:02Z,KLM281,"52.23217,4.584752",3450,243,259
1584438027,2020-03-17T09:40:27Z,KLM281,"52.240128,4.540787",4475,250,308
1584438033,2020-03-17T09:40:33Z,KLM281,"52.245342,4.53288",4725,252,318
1584438039,2020-03-17T09:40:39Z,KLM281,"52.249859,4.527858",4875,258,327
1584438046,2020-03-17T09:40:46Z,KLM281,"52.257065,4.521179",5100,261,330
1584438052,2020-03-17T09:40:52Z,KLM281,"52.264893,4.513855",5350,264,329
1584438058,2020-03-17T09:40:58Z,KLM281,"52.271645,4.507062",5625,263,328
1584438073,2020-03-17T09:41:13Z,KLM281,"52.286308,4.49231",6275,263,328
1584438086,2020-03-17T09:41:26Z,KLM281,"52.29953,4.479047",6750,266,328
1584438097,2020-03-17T09:41:37Z,KLM281,"52.311447,4.467392",7250,265,328
1584438109,2020-03-17T09:41:49Z,KLM281,"52.324539,4.454346",7700,269,328
1584438121,2020-03-17T09:42:01Z,KLM281,"52.337006,4.441694",8100,272,328
1584438132,2020-03-17T09:42:12Z,KLM281,"52.347748,4.431076",8450,275,330
1584438140,2020-03-17T09:42:20Z,KLM281,"52.357674,4.423881",8750,279,340
1584438147,2020-03-17T09:42:27Z,KLM281,"52.366425,4.420471",9000,283,349
1584438153,2020-03-17T09:42:33Z,KLM281,"52.37434,4.418701",9250,283,353
1584438162,2020-03-17T09:42:42Z,KLM281,"52.386292,4.416962",9600,285,356
1584438168,2020-03-17T09:42:48Z,KLM281,"52.395767,4.416046",9850,286,356
1584438182,2020-03-17T09:43:02Z,KLM281,"52.414234,4.413051",10300,290,353
1584438194,2020-03-17T09:43:14Z,KLM281,"52.428726,4.4104",10525,298,353
1584438204,2020-03-17T09:43:24Z,KLM281,"52.44482,4.407479",10725,308,353
1584438215,2020-03-17T09:43:35Z,KLM281,"52.459763,4.404907",10875,320,354
1584438228,2020-03-17T09:43:48Z,KLM281,"52.478012,4.401986",11075,332,354
1584438239,2020-03-17T09:43:59Z,KLM281,"52.49696,4.398847",11350,341,354
1584438251,2020-03-17T09:44:11Z,KLM281,"52.516525,4.395599",11700,348,354
1584438263,2020-03-17T09:44:23Z,KLM281,"52.53392,4.392648",11950,357,354
1584438275,2020-03-17T09:44:35Z,KLM281,"52.555939,4.389267",12225,370,354
1584438308,2020-03-17T09:45:08Z,KLM281,"52.612827,4.379935",12850,398,354
1584438339,2020-03-17T09:45:39Z,KLM281,"52.670647,4.370675",13750,413,354
1584438370,2020-03-17T09:46:10Z,KLM281,"52.731628,4.35757",14825,420,346
1584438378,2020-03-17T09:46:18Z,KLM281,"52.74522,4.350194",15100,418,340
1584438386,2020-03-17T09:46:26Z,KLM281,"52.761292,4.338531",15425,417,333
1584438393,2020-03-17T09:46:33Z,KLM281,"52.771042,4.329605",15650,415,329
1584438401,2020-03-17T09:46:41Z,KLM281,"52.783672,4.315822",15950,415,325
1584438409,2020-03-17T09:46:49Z,KLM281,"52.797226,4.298706",16325,414,322
1584438416,2020-03-17T09:46:56Z,KLM281,"52.806656,4.28688",16600,414,322
1584438452,2020-03-17T09:47:32Z,KLM281,"52.861176,4.21875",17875,420,322
1584438485,2020-03-17T09:48:05Z,KLM281,"52.913727,4.152603",19075,426,322
1584438546,2020-03-17T09:49:06Z,KLM281,"53.010288,4.030805",20900,439,322
1584438607,2020-03-17T09:50:07Z,KLM281,"53.110981,3.903135",22775,448,322
1584438670,2020-03-17T09:51:10Z,KLM281,"53.216537,3.768546",24000,460,322
1584438734,2020-03-17T09:52:14Z,KLM281,"53.323399,3.631305",23975,458,322
1584438797,2020-03-17T09:53:17Z,KLM281,"53.429077,3.494673",24025,464,322
1584438857,2020-03-17T09:54:17Z,KLM281,"53.531845,3.360875",25675,471,322
1584438921,2020-03-17T09:55:21Z,KLM281,"53.644363,3.223624",26975,491,333
1584438928,2020-03-17T09:55:28Z,KLM281,"53.660156,3.213344",27100,498,340
1584438934,2020-03-17T09:55:34Z,KLM281,"53.673065,3.207066",27225,503,345
1584438941,2020-03-17T09:55:41Z,KLM281,"53.691467,3.201259",27400,509,351
1584438947,2020-03-17T09:55:47Z,KLM281,"53.704895,3.199203",27500,513,355
1584438971,2020-03-17T09:56:11Z,KLM281,"53.761971,3.206392",28050,522,6
1584438977,2020-03-17T09:56:17Z,KLM281,"53.777023,3.209263",28275,521,6
1584439041,2020-03-17T09:57:21Z,KLM281,"53.924389,3.237412",30950,497,6
1584439104,2020-03-17T09:58:24Z,KLM281,"54.067886,3.264195",32675,490,6
1584439167,2020-03-17T09:59:27Z,KLM281,"54.208637,3.290405",34450,480,6
1584439230,2020-03-17T10:00:30Z,KLM281,"54.347992,3.303492",35475,474,357
1584439291,2020-03-17T10:01:31Z,KLM281,"54.480782,3.287908",35975,476,356
1584439352,2020-03-17T10:02:32Z,KLM281,"54.61647,3.271906",36000,478,356
1584439415,2020-03-17T10:03:35Z,KLM281,"54.750923,3.252869",35975,469,351
1584439476,2020-03-17T10:04:36Z,KLM281,"54.875793,3.18547",35975,452,334
1584439538,2020-03-17T10:05:38Z,KLM281,"54.990391,3.089655",36000,456,336
1584439599,2020-03-17T10:06:39Z,KLM281,"55.109283,2.99752",36000,456,336
1584439660,2020-03-17T10:07:40Z,KLM281,"55.225803,2.906716",35975,453,335
1584439722,2020-03-17T10:08:42Z,KLM281,"55.345119,2.812999",36000,449,335
1584439783,2020-03-17T10:09:43Z,KLM281,"55.460709,2.721519",35975,447,335
1584439845,2020-03-17T10:10:45Z,KLM281,"55.577972,2.628393",35975,448,335
1584439909,2020-03-17T10:11:49Z,KLM281,"55.697052,2.533035",36000,446,335
1584439970,2020-03-17T10:12:50Z,KLM281,"55.809677,2.442211",35975,445,335
1584440032,2020-03-17T10:13:52Z,KLM281,"55.927689,2.346663",35975,447,335
1584440093,2020-03-17T10:14:53Z,KLM281,"56.042145,2.253141",36000,444,335
1584440154,2020-03-17T10:15:54Z,KLM281,"56.154877,2.160561",36000,447,335
1584440216,2020-03-17T10:16:56Z,KLM281,"56.272762,2.062941",35975,448,335
1584440278,2020-03-17T10:17:58Z,KLM281,"56.388474,1.966636",36000,450,335
1584440340,2020-03-17T10:19:00Z,KLM281,"56.507107,1.867161",35975,452,335
1584440403,2020-03-17T10:20:03Z,KLM281,"56.625366,1.767254",36000,454,334
1584440463,2020-03-17T10:21:03Z,KLM281,"56.742874,1.672497",36000,461,337
1584440527,2020-03-17T10:22:07Z,KLM281,"56.868725,1.57893",36000,463,337
1584440589,2020-03-17T10:23:09Z,KLM281,"56.989975,1.485901",35975,463,337
1584440652,2020-03-17T10:24:12Z,KLM281,"57.11401,1.390125",35975,466,337
1584440715,2020-03-17T10:25:15Z,KLM281,"57.237854,1.294241",35975,465,337
1584440777,2020-03-17T10:26:17Z,KLM281,"57.361668,1.197598",35975,466,337
1584440839,2020-03-17T10:27:19Z,KLM281,"57.484955,1.101036",36000,471,337
1584440899,2020-03-17T10:28:19Z,KLM281,"57.606766,1.004629",35975,470,337
1584440962,2020-03-17T10:29:22Z,KLM281,"57.728485,0.907701",35975,464,336
1584441022,2020-03-17T10:30:22Z,KLM281,"57.847595,0.811925",36000,465,336
1584441084,2020-03-17T10:31:24Z,KLM281,"57.97142,0.711631",36000,468,336
1584441145,2020-03-17T10:32:25Z,KLM281,"58.093281,0.612946",35975,468,336
1584441205,2020-03-17T10:33:25Z,KLM281,"58.212597,0.514709",35975,467,336
1584441268,2020-03-17T10:34:28Z,KLM281,"58.334934,0.413269",36000,474,336
1584441329,2020-03-17T10:35:29Z,KLM281,"58.4599,0.309478",36000,477,336
1584441390,2020-03-17T10:36:30Z,KLM281,"58.5825,0.206726",35975,476,336
1584441454,2020-03-17T10:37:34Z,KLM281,"58.709213,0.099243",35975,474,336
1584441516,2020-03-17T10:38:36Z,KLM281,"58.835541,-0.008328",35975,473,336
1584441579,2020-03-17T10:39:39Z,KLM281,"58.960365,-0.11583",35975,478,335
1584441640,2020-03-17T10:40:40Z,KLM281,"59.083218,-0.222189",35975,477,335
1584441701,2020-03-17T10:41:41Z,KLM281,"59.204453,-0.328033",35975,478,335
1584441763,2020-03-17T10:42:43Z,KLM281,"59.331573,-0.440002",35975,480,335
1584441825,2020-03-17T10:43:45Z,KLM281,"59.455994,-0.550507",35975,485,335
1584441887,2020-03-17T10:44:47Z,KLM281,"59.58284,-0.663757",36000,487,335
1584441949,2020-03-17T10:45:49Z,KLM281,"59.709995,-0.778703",36000,493,335
1584442010,2020-03-17T10:46:50Z,KLM281,"59.837643,-0.895102",36000,493,335
1584442072,2020-03-17T10:47:52Z,KLM281,"59.96524,-1.011723",35975,494,335
1584442132,2020-03-17T10:48:52Z,KLM281,"60.090408,-1.127614",35975,493,335
1584442194,2020-03-17T10:49:54Z,KLM281,"60.216251,-1.245183",35975,490,334
1584442255,2020-03-17T10:50:55Z,KLM281,"60.34045,-1.362207",35975,491,334
1584442316,2020-03-17T10:51:56Z,KLM281,"60.466278,-1.481734",35975,487,334
1584442376,2020-03-17T10:52:56Z,KLM281,"60.591183,-1.601355",36000,490,334
1584442438,2020-03-17T10:53:58Z,KLM281,"60.713974,-1.720023",35975,489,334
1584442501,2020-03-17T10:55:01Z,KLM281,"60.842697,-1.845135",35975,485,334
1584442561,2020-03-17T10:56:01Z,KLM281,"60.964371,-1.964848",36000,482,334
1584442623,2020-03-17T10:57:03Z,KLM281,"61.087646,-2.091326",35975,481,333
1584442687,2020-03-17T10:58:07Z,KLM281,"61.212376,-2.222595",36000,482,332
1584442748,2020-03-17T10:59:08Z,KLM281,"61.335571,-2.353428",36000,486,332
1584442810,2020-03-17T11:00:10Z,KLM281,"61.458527,-2.484872",36000,488,332
1584442870,2020-03-17T11:01:10Z,KLM281,"61.579765,-2.615356",36000,484,332
1584442934,2020-03-17T11:02:14Z,KLM281,"61.704292,-2.751261",36000,488,332
1584442997,2020-03-17T11:03:17Z,KLM281,"61.829361,-2.888521",35975,483,332
1584443058,2020-03-17T11:04:18Z,KLM281,"61.950649,-3.023478",36000,487,332
1584443118,2020-03-17T11:05:18Z,KLM281,"62.070786,-3.157785",36000,489,332
1584443194,2020-03-17T11:06:34Z,KLM281,"62.221939,-3.32845",35975,483,332
1584443256,2020-03-17T11:07:36Z,KLM281,"62.343567,-3.467611",36000,480,331
1584443319,2020-03-17T11:08:39Z,KLM281,"62.467255,-3.610535",35975,487,331
1584443354,2020-03-17T11:09:14Z,KLM281,"62.534786,-3.68866",36000,487,331
1584443446,2020-03-17T11:10:46Z,KLM281,"62.717972,-3.9033",35975,485,331
1584443511,2020-03-17T11:11:51Z,KLM281,"62.845615,-4.055223",35975,490,331
1584443575,2020-03-17T11:12:55Z,KLM281,"62.972717,-4.207458",35975,487,331
1584443637,2020-03-17T11:13:57Z,KLM281,"63.093109,-4.353129",35975,485,331
1584443698,2020-03-17T11:14:58Z,KLM281,"63.211655,-4.498023",36000,481,331
1584443762,2020-03-17T11:16:02Z,KLM281,"63.337299,-4.653369",35975,483,330
1584443824,2020-03-17T11:17:04Z,KLM281,"63.461334,-4.807786",36000,486,330
1584443886,2020-03-17T11:18:06Z,KLM281,"63.580536,-4.9578",36000,487,330
1584443948,2020-03-17T11:19:08Z,KLM281,"63.702316,-5.112597",35975,485,330
1584444012,2020-03-17T11:20:12Z,KLM281,"63.825817,-5.27135",35975,484,330
1584444072,2020-03-17T11:21:12Z,KLM281,"63.942764,-5.422809",36000,482,330
1584444136,2020-03-17T11:22:16Z,KLM281,"64.064026,-5.582006",36000,483,330
1584444194,2020-03-17T11:23:14Z,KLM281,"64.177597,-5.732117",36000,485,329
1584444258,2020-03-17T11:24:18Z,KLM281,"64.302605,-5.8992",36000,487,329
1584444322,2020-03-17T11:25:22Z,KLM281,"64.424835,-6.064233",35975,487,329
1584444385,2020-03-17T11:26:25Z,KLM281,"64.547699,-6.231995",35975,491,329
1584444420,2020-03-17T11:27:00Z,KLM281,"64.617416,-6.327905",35975,491,329
1584444512,2020-03-17T11:28:32Z,KLM281,"64.793335,-6.572461",35975,490,329
1584444526,2020-03-17T11:28:46Z,KLM281,"64.819748,-6.609704",36000,492,328
1584444614,2020-03-17T11:30:14Z,KLM281,"64.992554,-6.854095",36000,491,328
1584444658,2020-03-17T11:30:58Z,KLM281,"65.078613,-6.977087",35975,489,328
1584444814,2020-03-17T11:33:34Z,KLM281,"65.379456,-7.415543",36000,492,328
1584444822,2020-03-17T11:33:42Z,KLM281,"65.396439,-7.440491",36000,492,328
1584444910,2020-03-17T11:35:10Z,KLM281,"65.563332,-7.689355",36000,486,328
1584445222,2020-03-17T11:40:22Z,KLM281,"66.156418,-8.604698",36000,487,327
1584445229,2020-03-17T11:40:29Z,KLM281,"66.169075,-8.624745",35975,487,327
1584445318,2020-03-17T11:41:58Z,KLM281,"66.338379,-8.895941",36000,482,327
1584445380,2020-03-17T11:43:00Z,KLM281,"66.451736,-9.080075",36000,480,326
1584445442,2020-03-17T11:44:02Z,KLM281,"66.56813,-9.271625",35975,479,326
1584445506,2020-03-17T11:45:06Z,KLM281,"66.685181,-9.465796",36000,481,326
1584445570,2020-03-17T11:46:10Z,KLM281,"66.800858,-9.660207",36000,482,326
1584445631,2020-03-17T11:47:11Z,KLM281,"66.914795,-9.853662",36000,482,326
1584445694,2020-03-17T11:48:14Z,KLM281,"67.02652,-10.071217",35975,480,316
1584445758,2020-03-17T11:49:18Z,KLM281,"67.123306,-10.33097",35975,480,313
1584445820,2020-03-17T11:50:20Z,KLM281,"67.2192,-10.591445",36000,478,313
1584445883,2020-03-17T11:51:23Z,KLM281,"67.314301,-10.853244",36000,476,313
1584445944,2020-03-17T11:52:24Z,KLM281,"67.405357,-11.107308",36000,478,312
1584446008,2020-03-17T11:53:28Z,KLM281,"67.499451,-11.372848",36000,477,312
1584446068,2020-03-17T11:54:28Z,KLM281,"67.589615,-11.630336",36000,477,312
1584446130,2020-03-17T11:55:30Z,KLM281,"67.681786,-11.896886",35975,472,312
1584446192,2020-03-17T11:56:32Z,KLM281,"67.770905,-12.157995",36000,473,311
1584446254,2020-03-17T11:57:34Z,KLM281,"67.861198,-12.425406",35975,473,311
1584446316,2020-03-17T11:58:36Z,KLM281,"67.951675,-12.697324",36000,475,311
1584446380,2020-03-17T11:59:40Z,KLM281,"68.042007,-12.972238",35975,471,311
1584446442,2020-03-17T12:00:42Z,KLM281,"68.131439,-13.247639",36000,473,310
1584446504,2020-03-17T12:01:44Z,KLM281,"68.218254,-13.518807",36000,474,310
1584446566,2020-03-17T12:02:46Z,KLM281,"68.306564,-13.797651",36000,472,310
1584446628,2020-03-17T12:03:48Z,KLM281,"68.39415,-14.07873",35975,471,310
1584448174,2020-03-17T12:29:34Z,KLM281,"70.387543,-21.71014",36000,466,303
1584448184,2020-03-17T12:29:44Z,KLM281,"70.398834,-21.762131",35975,464,302
1584448316,2020-03-17T12:31:56Z,KLM281,"70.551636,-22.47757",36000,461,302
1584448384,2020-03-17T12:33:04Z,KLM281,"70.62822,-22.845636",36000,457,301
1584448400,2020-03-17T12:33:20Z,KLM281,"70.644745,-22.92572",35975,456,301
1584448520,2020-03-17T12:35:20Z,KLM281,"70.776627,-23.576515",36000,457,301
1584448536,2020-03-17T12:35:36Z,KLM281,"70.793793,-23.66296",35975,456,301
1584448626,2020-03-17T12:37:06Z,KLM281,"70.891479,-24.160669",36000,454,300
1584452082,2020-03-17T13:34:42Z,KLM281,"73.569901,-46.79987",35975,482,282
1584452162,2020-03-17T13:36:02Z,KLM281,"73.608772,-47.411133",36000,481,282
1584452224,2020-03-17T13:37:04Z,KLM281,"73.63765,-47.887688",36000,481,282
1584452252,2020-03-17T13:37:32Z,KLM281,"73.649734,-48.091919",35975,482,281
1584452410,2020-03-17T13:40:10Z,KLM281,"73.717896,-49.323978",35975,484,280
1584452470,2020-03-17T13:41:10Z,KLM281,"73.74247,-49.805969",35975,485,280
1584452534,2020-03-17T13:42:14Z,KLM281,"73.766739,-50.307598",35975,485,279
1584452596,2020-03-17T13:43:16Z,KLM281,"73.789536,-50.801147",35975,487,279
1584452658,2020-03-17T13:44:18Z,KLM281,"73.810532,-51.281433",36000,485,278
1584452718,2020-03-17T13:45:18Z,KLM281,"73.830551,-51.766548",36000,484,278
1584452780,2020-03-17T13:46:20Z,KLM281,"73.849213,-52.244934",36000,484,277
1584452842,2020-03-17T13:47:22Z,KLM281,"73.867371,-52.742432",36000,484,277
1584452902,2020-03-17T13:48:22Z,KLM281,"73.883835,-53.224125",36000,483,276
1584452966,2020-03-17T13:49:26Z,KLM281,"73.899994,-53.728123",36000,481,276
1584453028,2020-03-17T13:50:28Z,KLM281,"73.914619,-54.22467",36000,484,275
1584453090,2020-03-17T13:51:30Z,KLM281,"73.928169,-54.724365",36000,484,275
1584453152,2020-03-17T13:52:32Z,KLM281,"73.940598,-55.223145",35975,484,274
1584453216,2020-03-17T13:53:36Z,KLM281,"73.951813,-55.727234",35975,486,274
1584453278,2020-03-17T13:54:38Z,KLM281,"73.962006,-56.233337",36000,488,273
1584453340,2020-03-17T13:55:40Z,KLM281,"73.970764,-56.730995",36000,488,273
1584453402,2020-03-17T13:56:42Z,KLM281,"73.978546,-57.236195",36000,489,272
1584453464,2020-03-17T13:57:44Z,KLM281,"73.985184,-57.751179",36000,488,272
1584453528,2020-03-17T13:58:48Z,KLM281,"73.990677,-58.264275",35975,486,272
1584453590,2020-03-17T13:59:50Z,KLM281,"73.994888,-58.780975",36000,488,271
1584453654,2020-03-17T14:00:54Z,KLM281,"73.997902,-59.293762",35975,489,270
1584453716,2020-03-17T14:01:56Z,KLM281,"73.999603,-59.797897",36000,490,270
1584453757,2020-03-17T14:02:37Z,KLM281,"73.990631,-60.124741",36000,489,258
1584453817,2020-03-17T14:03:37Z,KLM281,"73.955956,-60.601501",36000,489,254
1584453881,2020-03-17T14:04:41Z,KLM281,"73.91732,-61.109436",35975,491,254
1584453942,2020-03-17T14:05:42Z,KLM281,"73.880035,-61.583691",36000,488,253
1584455678,2020-03-17T14:34:38Z,KLM281,"72.317612,-73.623337",36000,500,113
1584455858,2020-03-17T14:37:38Z,KLM281,"72.088974,-74.805199",36000,500,239
1584455978,2020-03-17T14:39:38Z,KLM281,"71.939331,-75.436287",36000,500,238
1584456045,2020-03-17T14:40:45Z,KLM281,"71.854393,-75.793465",36000,500,236
1584456101,2020-03-17T14:41:41Z,KLM281,"71.784622,-76.129623",36000,500,242
1584456162,2020-03-17T14:42:42Z,KLM281,"71.682587,-77.088165",35975,497,235
1584456250,2020-03-17T14:44:10Z,KLM281,"71.564522,-77.620834",36000,500,234
1584456314,2020-03-17T14:45:14Z,KLM281,"71.481171,-77.989349",35975,496,234
1584456376,2020-03-17T14:46:16Z,KLM281,"71.398422,-78.348846",35975,495,233
1584456436,2020-03-17T14:47:16Z,KLM281,"71.316216,-78.700562",36000,494,233
1584456498,2020-03-17T14:48:18Z,KLM281,"71.233582,-79.048157",35975,485,233
1584456560,2020-03-17T14:49:20Z,KLM281,"71.148193,-79.400795",36450,496,233
1584456624,2020-03-17T14:50:24Z,KLM281,"71.060944,-79.755249",37300,499,232
1584456688,2020-03-17T14:51:28Z,KLM281,"70.97699,-80.116928",38500,489,237
1584456750,2020-03-17T14:52:30Z,KLM281,"70.904572,-80.481361",38975,480,238
1584456812,2020-03-17T14:53:32Z,KLM281,"70.83316,-80.834221",39000,480,238
1584456874,2020-03-17T14:54:34Z,KLM281,"70.759773,-81.190643",39000,487,237
1584456936,2020-03-17T14:55:36Z,KLM281,"70.685715,-81.544861",38975,481,237
1584456996,2020-03-17T14:56:36Z,KLM281,"70.612015,-81.891022",38975,482,237
1584457058,2020-03-17T14:57:38Z,KLM281,"70.537209,-82.236786",38975,487,236
1584457122,2020-03-17T14:58:42Z,KLM281,"70.458893,-82.593628",38975,482,236
1584457186,2020-03-17T14:59:46Z,KLM281,"70.381119,-82.942009",38975,486,236
1584457250,2020-03-17T15:00:50Z,KLM281,"70.300911,-83.294868",38975,487,235
1584457311,2020-03-17T15:01:51Z,KLM281,"70.223236,-83.631363",39000,488,235
1584457374,2020-03-17T15:02:54Z,KLM281,"70.143265,-83.972626",38975,486,235
1584457436,2020-03-17T15:03:56Z,KLM281,"70.061722,-84.315155",39000,484,234
1584457500,2020-03-17T15:05:00Z,KLM281,"69.981583,-84.6465",39000,483,234
1584457562,2020-03-17T15:06:02Z,KLM281,"69.900009,-84.978287",39000,478,234
1584457624,2020-03-17T15:07:04Z,KLM281,"69.821564,-85.293083",38975,478,233
1584457686,2020-03-17T15:08:06Z,KLM281,"69.739723,-85.616455",38975,477,233
1584457748,2020-03-17T15:09:08Z,KLM281,"69.658173,-85.93396",39000,478,233
1584457780,2020-03-17T15:09:40Z,KLM281,"69.616638,-86.093491",39000,478,233
1584457895,2020-03-17T15:11:35Z,KLM281,"69.485809,-86.394737",39000,480,240
1584457958,2020-03-17T15:12:38Z,KLM281,"69.413239,-86.579384",39000,480,232
1584458018,2020-03-17T15:13:38Z,KLM281,"69.330551,-86.822289",39000,480,229
1584458080,2020-03-17T15:14:40Z,KLM281,"69.242752,-87.108139",39000,480,233
1584458140,2020-03-17T15:15:40Z,KLM281,"69.157356,-87.420853",39000,480,236
1584458201,2020-03-17T15:16:41Z,KLM281,"69.079735,-87.72435",39000,480,236
1584458260,2020-03-17T15:17:40Z,KLM281,"68.992195,-88.034515",39000,480,228
1584458320,2020-03-17T15:18:40Z,KLM281,"68.90461,-88.341736",39000,480,231
1584458384,2020-03-17T15:19:44Z,KLM281,"68.818344,-88.633537",39000,480,230
1584458443,2020-03-17T15:20:43Z,KLM281,"68.736069,-88.934814",39000,480,236
1584458507,2020-03-17T15:21:47Z,KLM281,"68.647942,-89.233803",39000,480,228
1584458686,2020-03-17T15:24:46Z,KLM281,"68.392334,-90.171921",39000,480,232
1584458748,2020-03-17T15:25:48Z,KLM281,"68.319771,-90.417946",39000,480,240
1584458809,2020-03-17T15:26:49Z,KLM281,"68.236214,-90.666878",39000,480,225
1584458869,2020-03-17T15:27:49Z,KLM281,"68.160751,-90.925774",39000,480,238
1584458932,2020-03-17T15:28:52Z,KLM281,"68.074173,-91.212189",39000,480,230
1584462340,2020-03-17T16:25:40Z,KLM281,"62.829033,-104.864876",39000,480,210
1584462400,2020-03-17T16:26:40Z,KLM281,"62.732788,-105.02523",39000,480,223
1584462462,2020-03-17T16:27:42Z,KLM281,"62.634941,-105.196884",39000,480,221
1584462524,2020-03-17T16:28:44Z,KLM281,"62.53783,-105.374123",39000,480,223
1584462582,2020-03-17T16:29:42Z,KLM281,"62.447815,-105.549591",39000,480,226
1584462644,2020-03-17T16:30:44Z,KLM281,"62.343491,-105.756355",39000,480,223
1584462704,2020-03-17T16:31:44Z,KLM281,"62.24128,-105.953194",39000,480,221
1584462763,2020-03-17T16:32:43Z,KLM281,"62.138943,-106.145714",39000,480,221
1584462823,2020-03-17T16:33:43Z,KLM281,"62.043789,-106.33625",39000,480,226
1584462886,2020-03-17T16:34:46Z,KLM281,"61.942291,-106.532639",39000,480,221
1584462945,2020-03-17T16:35:45Z,KLM281,"61.849293,-106.707657",39000,480,221
1584463007,2020-03-17T16:36:47Z,KLM281,"61.748081,-106.895111",39000,480,221
1584463190,2020-03-17T16:39:50Z,KLM281,"61.42712,-107.522003",40000,480,222
1584463210,2020-03-17T16:40:10Z,KLM281,"61.357246,-107.727966",40000,479,220
1584463246,2020-03-17T16:40:46Z,KLM281,"61.295284,-107.837524",39975,478,220
1584463330,2020-03-17T16:42:10Z,KLM281,"61.155304,-108.08268",40000,479,220
1584463384,2020-03-17T16:43:04Z,KLM281,"61.062523,-108.243713",39975,480,220
1584463493,2020-03-17T16:44:53Z,KLM281,"60.9133,-108.431335",40000,480,225
1584463542,2020-03-17T16:45:42Z,KLM281,"60.791016,-108.707161",39975,482,219
1584463614,2020-03-17T16:46:54Z,KLM281,"60.721958,-108.743507",40000,480,225
1584463677,2020-03-17T16:47:57Z,KLM281,"60.62291,-108.874069",40000,480,216
1584463762,2020-03-17T16:49:22Z,KLM281,"60.412445,-109.336411",39975,482,218
1584463856,2020-03-17T16:50:56Z,KLM281,"60.251492,-109.597939",39975,481,218
1584463918,2020-03-17T16:51:58Z,KLM281,"60.144058,-109.770844",40000,483,218
1584463978,2020-03-17T16:52:58Z,KLM281,"60.036697,-109.941658",40000,486,218
1584464040,2020-03-17T16:54:00Z,KLM281,"59.921715,-110.091438",39975,491,210
1584464102,2020-03-17T16:55:02Z,KLM281,"59.801376,-110.231232",39975,485,210
1584464164,2020-03-17T16:56:04Z,KLM281,"59.680389,-110.370834",39975,487,210
1584464226,2020-03-17T16:57:06Z,KLM281,"59.559219,-110.509003",39975,489,209
1584464288,2020-03-17T16:58:08Z,KLM281,"59.439102,-110.644958",39975,490,209
1584464350,2020-03-17T16:59:10Z,KLM281,"59.316513,-110.782837",40000,491,209
1584464410,2020-03-17T17:00:10Z,KLM281,"59.197548,-110.915314",39975,490,209
1584464472,2020-03-17T17:01:12Z,KLM281,"59.074173,-111.051453",39975,493,209
1584464534,2020-03-17T17:02:14Z,KLM281,"58.954147,-111.182922",39975,492,209
1584464595,2020-03-17T17:03:15Z,KLM281,"58.831284,-111.316574",39975,490,209
1584464657,2020-03-17T17:04:17Z,KLM281,"58.710052,-111.447144",40000,489,209
1584464717,2020-03-17T17:05:17Z,KLM281,"58.590553,-111.574768",39975,489,209
1584464779,2020-03-17T17:06:19Z,KLM281,"58.469009,-111.703842",40000,490,208
1584464840,2020-03-17T17:07:20Z,KLM281,"58.348995,-111.830109",40000,491,208
1584464901,2020-03-17T17:08:21Z,KLM281,"58.226467,-111.958191",39975,490,208
1584464964,2020-03-17T17:09:24Z,KLM281,"58.10157,-112.087555",40000,494,208
1584465026,2020-03-17T17:10:26Z,KLM281,"57.979229,-112.213074",39975,495,208
1584465086,2020-03-17T17:11:26Z,KLM281,"57.855728,-112.338959",40000,494,208
1584465148,2020-03-17T17:12:28Z,KLM281,"57.732376,-112.463676",39975,494,208
1584465210,2020-03-17T17:13:30Z,KLM281,"57.608395,-112.588333",40000,495,208
1584465271,2020-03-17T17:14:31Z,KLM281,"57.484451,-112.711655",40000,497,208
1584465332,2020-03-17T17:15:32Z,KLM281,"57.36097,-112.833664",40000,499,207
1584465394,2020-03-17T17:16:34Z,KLM281,"57.23579,-112.956284",40000,500,207
1584465455,2020-03-17T17:17:35Z,KLM281,"57.111053,-113.077553",40000,498,207
1584465516,2020-03-17T17:18:36Z,KLM281,"56.988235,-113.196259",40000,499,207
1584465578,2020-03-17T17:19:38Z,KLM281,"56.861252,-113.318222",39975,500,207
1584465639,2020-03-17T17:20:39Z,KLM281,"56.733677,-113.439156",40000,498,207
1584465701,2020-03-17T17:21:41Z,KLM281,"56.608154,-113.55735",40000,495,207
1584465764,2020-03-17T17:22:44Z,KLM281,"56.482361,-113.675453",39975,490,207
1584465824,2020-03-17T17:23:44Z,KLM281,"56.360184,-113.78923",40000,490,207
1584465886,2020-03-17T17:24:46Z,KLM281,"56.237289,-113.902473",40000,491,207
1584465946,2020-03-17T17:25:46Z,KLM281,"56.113461,-114.015854",39975,492,207
1584466008,2020-03-17T17:26:48Z,KLM281,"55.990005,-114.128036",39975,491,206
1584466069,2020-03-17T17:27:49Z,KLM281,"55.867153,-114.239105",40000,491,206
1584466131,2020-03-17T17:28:51Z,KLM281,"55.743027,-114.350197",40000,490,206
1584466192,2020-03-17T17:29:52Z,KLM281,"55.618927,-114.46064",39975,487,206
1584466254,2020-03-17T17:30:54Z,KLM281,"55.492641,-114.572296",39975,485,206
1584466315,2020-03-17T17:31:55Z,KLM281,"55.370674,-114.679375",40000,483,206
1584466377,2020-03-17T17:32:57Z,KLM281,"55.246811,-114.784836",39975,487,203
1584466440,2020-03-17T17:34:00Z,KLM281,"55.117126,-114.882904",40000,490,203
1584466501,2020-03-17T17:35:01Z,KLM281,"54.988907,-114.980484",40000,493,203
1584466561,2020-03-17T17:36:01Z,KLM281,"54.864372,-115.075294",40000,491,203
1584466622,2020-03-17T17:37:02Z,KLM281,"54.737686,-115.170967",39975,490,203
1584466684,2020-03-17T17:38:04Z,KLM281,"54.610931,-115.265488",39975,490,203
1584466745,2020-03-17T17:39:05Z,KLM281,"54.48349,-115.360405",40000,487,203
1584466808,2020-03-17T17:40:08Z,KLM281,"54.354904,-115.455238",40000,484,203
1584466870,2020-03-17T17:41:10Z,KLM281,"54.22728,-115.548706",40000,484,203
1584466930,2020-03-17T17:42:10Z,KLM281,"54.102547,-115.639259",39975,483,203
1584466991,2020-03-17T17:43:11Z,KLM281,"53.977135,-115.72998",40000,483,202
1584467054,2020-03-17T17:44:14Z,KLM281,"53.849442,-115.821503",39975,482,203
1584467115,2020-03-17T17:45:15Z,KLM281,"53.723331,-115.911499",40000,479,202
1584467177,2020-03-17T17:46:17Z,KLM281,"53.597626,-116.000404",39975,480,202
1584467238,2020-03-17T17:47:18Z,KLM281,"53.473251,-116.088005",39975,482,202
1584467300,2020-03-17T17:48:20Z,KLM281,"53.344849,-116.177834",40000,486,202
1584467362,2020-03-17T17:49:22Z,KLM281,"53.217453,-116.266273",40000,485,202
1584467425,2020-03-17T17:50:25Z,KLM281,"53.087288,-116.356201",40000,481,202
1584467486,2020-03-17T17:51:26Z,KLM281,"52.961334,-116.442413",40000,484,202
1584467548,2020-03-17T17:52:28Z,KLM281,"52.833206,-116.52977",39975,484,202
1584467609,2020-03-17T17:53:29Z,KLM281,"52.706818,-116.615372",40025,489,202
1584467671,2020-03-17T17:54:31Z,KLM281,"52.574844,-116.704025",40000,489,201
1584467736,2020-03-17T17:55:36Z,KLM281,"52.440304,-116.794006",39975,491,202
1584467797,2020-03-17T17:56:37Z,KLM281,"52.312752,-116.878761",39975,492,202
1584467859,2020-03-17T17:57:39Z,KLM281,"52.17984,-116.966248",39975,491,202
1584467921,2020-03-17T17:58:41Z,KLM281,"52.051666,-117.050323",39975,496,202
1584467984,2020-03-17T17:59:44Z,KLM281,"51.916443,-117.138367",40025,498,201
1584468046,2020-03-17T18:00:46Z,KLM281,"51.784515,-117.223824",39975,495,201
1584468110,2020-03-17T18:01:50Z,KLM281,"51.647984,-117.311478",39975,494,201
1584468119,2020-03-17T18:01:59Z,KLM281,"51.629105,-117.323593",39975,494,201
1584468204,2020-03-17T18:03:24Z,KLM281,"51.447437,-117.439728",40000,495,201
1584468264,2020-03-17T18:04:24Z,KLM281,"51.320709,-117.519638",40000,486,201
1584468330,2020-03-17T18:05:30Z,KLM281,"51.183838,-117.605896",40000,487,201
1584468393,2020-03-17T18:06:33Z,KLM281,"51.05191,-117.68837",39975,488,201
1584468456,2020-03-17T18:07:36Z,KLM281,"50.91851,-117.771225",39975,490,201
1584468516,2020-03-17T18:08:36Z,KLM281,"50.791855,-117.849449",40000,489,201
1584468579,2020-03-17T18:09:39Z,KLM281,"50.660892,-117.929771",39975,491,201
1584468640,2020-03-17T18:10:40Z,KLM281,"50.530563,-118.009575",39975,492,201
1584468702,2020-03-17T18:11:42Z,KLM281,"50.399872,-118.088646",39975,491,201
1584468763,2020-03-17T18:12:43Z,KLM281,"50.269993,-118.166794",39975,488,201
1584468824,2020-03-17T18:13:44Z,KLM281,"50.141788,-118.243622",40000,487,200
1584468888,2020-03-17T18:14:48Z,KLM281,"50.007797,-118.323624",40000,490,201
1584468950,2020-03-17T18:15:50Z,KLM281,"49.874908,-118.402473",39975,494,200
1584469012,2020-03-17T18:16:52Z,KLM281,"49.744308,-118.479378",39975,493,200
1584469074,2020-03-17T18:17:54Z,KLM281,"49.611832,-118.556862",40000,493,200
1584469138,2020-03-17T18:18:58Z,KLM281,"49.476517,-118.635719",39975,489,200
1584469200,2020-03-17T18:20:00Z,KLM281,"49.34444,-118.712044",40000,491,200
1584469260,2020-03-17T18:21:00Z,KLM281,"49.216461,-118.78566",39975,488,200
1584469321,2020-03-17T18:22:01Z,KLM281,"49.086731,-118.859886",40000,490,200
1584469384,2020-03-17T18:23:04Z,KLM281,"48.955868,-118.934372",39975,489,200
1584469445,2020-03-17T18:24:05Z,KLM281,"48.824661,-119.0075",39975,490,198
1584469507,2020-03-17T18:25:07Z,KLM281,"48.69173,-119.071701",40000,492,197
1584469567,2020-03-17T18:26:07Z,KLM281,"48.560074,-119.133911",40000,492,197
1584469629,2020-03-17T18:27:09Z,KLM281,"48.426384,-119.196671",39975,491,197
1584469690,2020-03-17T18:28:10Z,KLM281,"48.293243,-119.258705",40000,491,197
1584469751,2020-03-17T18:29:11Z,KLM281,"48.16169,-119.319908",39950,489,197
1584469813,2020-03-17T18:30:13Z,KLM281,"48.029621,-119.380966",39525,497,197
1584469875,2020-03-17T18:31:15Z,KLM281,"47.892616,-119.443642",39000,496,196
1584469936,2020-03-17T18:32:16Z,KLM281,"47.757103,-119.505615",38975,493,197
1584469998,2020-03-17T18:33:18Z,KLM281,"47.621403,-119.567307",38975,493,196
1584470060,2020-03-17T18:34:20Z,KLM281,"47.488129,-119.627518",39000,494,197
1584470122,2020-03-17T18:35:22Z,KLM281,"47.351307,-119.689003",38975,496,197
1584470182,2020-03-17T18:36:22Z,KLM281,"47.21965,-119.748024",38975,492,196
1584470244,2020-03-17T18:37:24Z,KLM281,"47.08699,-119.806801",39000,490,196
1584470306,2020-03-17T18:38:26Z,KLM281,"46.951889,-119.86647",38975,490,196
1584470368,2020-03-17T18:39:28Z,KLM281,"46.816315,-119.926292",38975,492,196
1584470428,2020-03-17T18:40:28Z,KLM281,"46.684212,-119.984024",39000,493,196
1584470490,2020-03-17T18:41:30Z,KLM281,"46.54985,-120.04245",39000,494,196
1584470551,2020-03-17T18:42:31Z,KLM281,"46.417095,-120.099655",38975,497,196
1584470612,2020-03-17T18:43:32Z,KLM281,"46.281071,-120.158157",38975,502,196
1584470673,2020-03-17T18:44:33Z,KLM281,"46.145416,-120.216248",38975,500,196
1584470733,2020-03-17T18:45:33Z,KLM281,"46.011566,-120.273499",38975,497,196
1584470795,2020-03-17T18:46:35Z,KLM281,"45.873917,-120.331779",39000,494,196
1584470857,2020-03-17T18:47:37Z,KLM281,"45.741203,-120.387566",39000,492,196
1584470918,2020-03-17T18:48:38Z,KLM281,"45.606388,-120.444351",38975,490,196
1584470979,2020-03-17T18:49:39Z,KLM281,"45.47612,-120.498703",39000,487,196
1584471040,2020-03-17T18:50:40Z,KLM281,"45.343964,-120.553566",38975,488,196
1584471101,2020-03-17T18:51:41Z,KLM281,"45.211533,-120.608376",39000,488,196
1584471161,2020-03-17T18:52:41Z,KLM281,"45.07951,-120.662773",39000,490,196
1584471224,2020-03-17T18:53:44Z,KLM281,"44.944611,-120.717705",39000,490,196
1584471285,2020-03-17T18:54:45Z,KLM281,"44.809799,-120.772835",38975,495,196
1584471345,2020-03-17T18:55:45Z,KLM281,"44.677048,-120.826721",39000,497,196
1584471407,2020-03-17T18:56:47Z,KLM281,"44.541645,-120.881294",38975,492,195
1584471469,2020-03-17T18:57:49Z,KLM281,"44.404724,-120.936256",39000,495,196
1584471529,2020-03-17T18:58:49Z,KLM281,"44.272621,-120.989082",38975,498,195
1584471565,2020-03-17T18:59:25Z,KLM281,"44.196648,-121.027802",38975,498,208
1584471571,2020-03-17T18:59:31Z,KLM281,"44.184494,-121.03759",38975,497,210
1584471577,2020-03-17T18:59:37Z,KLM281,"44.172489,-121.048866",38975,496,215
1584471583,2020-03-17T18:59:43Z,KLM281,"44.162109,-121.059883",39000,496,216
1584471590,2020-03-17T18:59:50Z,KLM281,"44.149815,-121.074699",39000,495,221
1584471596,2020-03-17T18:59:56Z,KLM281,"44.140087,-121.088173",38975,495,225
1584471602,2020-03-17T19:00:02Z,KLM281,"44.13129,-121.101906",38975,494,229
1584471608,2020-03-17T19:00:08Z,KLM281,"44.122585,-121.117401",38975,493,232
1584471614,2020-03-17T19:00:14Z,KLM281,"44.11496,-121.132698",38975,491,236
1584471620,2020-03-17T19:00:20Z,KLM281,"44.107967,-121.148598",38975,491,238
1584471626,2020-03-17T19:00:26Z,KLM281,"44.100311,-121.167572",38975,490,241
1584471688,2020-03-17T19:01:28Z,KLM281,"44.036224,-121.340416",39000,491,242
1584471747,2020-03-17T19:02:27Z,KLM281,"43.971661,-121.501465",38975,495,232
1584471754,2020-03-17T19:02:34Z,KLM281,"43.961426,-121.518242",38975,496,228
1584471761,2020-03-17T19:02:41Z,KLM281,"43.950714,-121.533508",39000,497,224
1584471768,2020-03-17T19:02:48Z,KLM281,"43.938377,-121.548874",39000,498,220
1584471774,2020-03-17T19:02:54Z,KLM281,"43.927109,-121.561104",38975,499,216
1584471780,2020-03-17T19:03:00Z,KLM281,"43.914322,-121.573174",38975,500,213
1584471787,2020-03-17T19:03:07Z,KLM281,"43.900948,-121.583992",38975,500,209
1584471794,2020-03-17T19:03:14Z,KLM281,"43.887909,-121.593102",39000,501,205
1584471801,2020-03-17T19:03:21Z,KLM281,"43.872482,-121.602112",38975,502,201
1584471808,2020-03-17T19:03:28Z,KLM281,"43.85733,-121.609238",39000,503,197
1584471814,2020-03-17T19:03:34Z,KLM281,"43.84164,-121.615189",39000,503,194
1584471820,2020-03-17T19:03:40Z,KLM281,"43.828262,-121.619484",38975,503,192
1584471883,2020-03-17T19:04:43Z,KLM281,"43.684944,-121.661484",38975,498,191
1584471945,2020-03-17T19:05:45Z,KLM281,"43.546555,-121.701431",39000,497,191
1584472005,2020-03-17T19:06:45Z,KLM281,"43.411171,-121.740547",38975,497,191
1584472067,2020-03-17T19:07:47Z,KLM281,"43.272354,-121.780449",39000,500,191
1584472129,2020-03-17T19:08:49Z,KLM281,"43.132004,-121.820747",38975,498,191
1584472190,2020-03-17T19:09:50Z,KLM281,"42.994171,-121.8601",39000,499,191
1584472252,2020-03-17T19:10:52Z,KLM281,"42.852638,-121.900375",39000,504,191
1584472314,2020-03-17T19:11:54Z,KLM281,"42.712646,-121.93988",39000,507,191
1584472374,2020-03-17T19:12:54Z,KLM281,"42.57312,-121.97908",38975,505,191
1584472435,2020-03-17T19:13:55Z,KLM281,"42.432449,-122.018654",39000,505,191
1584472496,2020-03-17T19:14:56Z,KLM281,"42.293198,-122.057297",38975,502,191
1584472558,2020-03-17T19:15:58Z,KLM281,"42.155502,-122.095436",38975,502,191
1584472618,2020-03-17T19:16:58Z,KLM281,"42.018143,-122.133286",39000,500,191
1584472680,2020-03-17T19:18:00Z,KLM281,"41.876953,-122.172279",39000,501,191
1584472741,2020-03-17T19:19:01Z,KLM281,"41.73848,-122.210228",38975,500,191
1584472803,2020-03-17T19:20:03Z,KLM281,"41.599358,-122.248192",39000,500,191
1584472863,2020-03-17T19:21:03Z,KLM281,"41.461487,-122.285576",39000,497,191
1584472925,2020-03-17T19:22:05Z,KLM281,"41.323303,-122.322716",39000,498,191
1584472985,2020-03-17T19:23:05Z,KLM281,"41.18541,-122.360046",39000,503,191
1584473046,2020-03-17T19:24:06Z,KLM281,"41.048538,-122.396667",39000,503,191
1584473107,2020-03-17T19:25:07Z,KLM281,"40.907173,-122.434326",39000,505,191
1584473168,2020-03-17T19:26:08Z,KLM281,"40.768341,-122.471191",39000,503,191
1584473230,2020-03-17T19:27:10Z,KLM281,"40.62529,-122.509155",38975,501,191
1584473292,2020-03-17T19:28:12Z,KLM281,"40.484108,-122.54612",38975,505,191
1584473353,2020-03-17T19:29:13Z,KLM281,"40.345474,-122.582451",39000,506,191
1584473414,2020-03-17T19:30:14Z,KLM281,"40.206116,-122.618896",38975,506,191
1584473474,2020-03-17T19:31:14Z,KLM281,"40.067326,-122.655113",38975,504,191
1584473536,2020-03-17T19:32:16Z,KLM281,"39.926376,-122.691528",38975,502,191
1584473597,2020-03-17T19:33:17Z,KLM281,"39.785706,-122.727737",39000,500,191
1584473658,2020-03-17T19:34:18Z,KLM281,"39.646866,-122.763306",39000,502,191
1584473720,2020-03-17T19:35:20Z,KLM281,"39.506882,-122.799324",38975,503,191
1584473781,2020-03-17T19:36:21Z,KLM281,"39.366669,-122.8349",37050,502,191
1584473843,2020-03-17T19:37:23Z,KLM281,"39.224808,-122.870918",34850,505,191
1584473904,2020-03-17T19:38:24Z,KLM281,"39.086796,-122.905884",32875,494,191
1584473964,2020-03-17T19:39:24Z,KLM281,"38.95285,-122.939522",30900,482,191
1584474026,2020-03-17T19:40:26Z,KLM281,"38.820786,-122.942566",28950,460,168
1584474092,2020-03-17T19:41:32Z,KLM281,"38.686569,-122.903694",26875,445,166
1584474152,2020-03-17T19:42:32Z,KLM281,"38.567413,-122.867752",24950,434,166
1584474213,2020-03-17T19:43:33Z,KLM281,"38.447727,-122.832642",23025,423,167
1584474276,2020-03-17T19:44:36Z,KLM281,"38.327408,-122.797638",21100,413,167
1584474338,2020-03-17T19:45:38Z,KLM281,"38.21608,-122.764969",19325,403,167
1584474399,2020-03-17T19:46:39Z,KLM281,"38.104294,-122.732651",17550,388,166
1584474433,2020-03-17T19:47:13Z,KLM281,"38.046707,-122.715828",16600,381,167
1584474463,2020-03-17T19:47:43Z,KLM281,"37.995331,-122.700684",15650,374,166
1584474495,2020-03-17T19:48:15Z,KLM281,"37.941238,-122.685089",14750,368,167
1584474517,2020-03-17T19:48:37Z,KLM281,"37.906601,-122.671608",14175,362,156
1584474523,2020-03-17T19:48:43Z,KLM281,"37.89743,-122.665916",14025,360,152
1584474529,2020-03-17T19:48:49Z,KLM281,"37.888634,-122.659546",13900,358,149
1584474536,2020-03-17T19:48:56Z,KLM281,"37.879322,-122.651726",13775,354,145
1584474542,2020-03-17T19:49:02Z,KLM281,"37.871502,-122.644325",13675,351,142
1584474548,2020-03-17T19:49:08Z,KLM281,"37.864845,-122.637215",13550,348,139
1584474554,2020-03-17T19:49:14Z,KLM281,"37.857212,-122.628975",13350,348,139
1584474586,2020-03-17T19:49:46Z,KLM281,"37.818054,-122.587143",12350,345,139
1584474618,2020-03-17T19:50:18Z,KLM281,"37.77919,-122.54586",11575,335,139
1584474628,2020-03-17T19:50:28Z,KLM281,"37.766899,-122.53273",11300,334,139
1584474640,2020-03-17T19:50:40Z,KLM281,"37.752514,-122.517441",11025,329,139
1584474651,2020-03-17T19:50:51Z,KLM281,"37.739155,-122.503288",10950,321,139
1584474665,2020-03-17T19:51:05Z,KLM281,"37.724762,-122.488091",10925,309,140
1584474676,2020-03-17T19:51:16Z,KLM281,"37.712246,-122.474808",10925,298,139
1584474688,2020-03-17T19:51:28Z,KLM281,"37.700005,-122.461792",10925,290,139
1584474700,2020-03-17T19:51:40Z,KLM281,"37.687435,-122.448357",10925,283,139
1584474712,2020-03-17T19:51:52Z,KLM281,"37.676403,-122.4366",10925,274,139
1584474724,2020-03-17T19:52:04Z,KLM281,"37.664154,-122.423637",10925,264,139
1584474737,2020-03-17T19:52:17Z,KLM281,"37.653168,-122.411949",10925,254,139
1584474748,2020-03-17T19:52:28Z,KLM281,"37.643211,-122.401428",10925,251,139
1584474760,2020-03-17T19:52:40Z,KLM281,"37.632477,-122.39003",10925,251,139
1584474772,2020-03-17T19:52:52Z,KLM281,"37.621994,-122.37928",10925,251,143
1584474781,2020-03-17T19:53:01Z,KLM281,"37.611835,-122.371216",10950,251,149
1584474787,2020-03-17T19:53:07Z,KLM281,"37.605743,-122.367126",10925,252,152
1584474802,2020-03-17T19:53:22Z,KLM281,"37.590271,-122.357368",10675,252,153
1584474814,2020-03-17T19:53:34Z,KLM281,"37.578323,-122.350121",10500,250,154
1584474826,2020-03-17T19:53:46Z,KLM281,"37.56514,-122.342232",10325,248,154
1584474838,2020-03-17T19:53:58Z,KLM281,"37.552734,-122.334808",10150,246,154
1584474851,2020-03-17T19:54:11Z,KLM281,"37.540192,-122.327332",9950,244,154
1584474863,2020-03-17T19:54:23Z,KLM281,"37.527992,-122.320045",9725,244,154
1584474874,2020-03-17T19:54:34Z,KLM281,"37.515285,-122.312401",9475,246,154
1584474887,2020-03-17T19:54:47Z,KLM281,"37.50346,-122.304878",9250,246,151
1584474898,2020-03-17T19:54:58Z,KLM281,"37.491486,-122.295769",9050,245,147
1584474910,2020-03-17T19:55:10Z,KLM281,"37.480042,-122.286659",8875,242,147
1584474921,2020-03-17T19:55:21Z,KLM281,"37.470547,-122.278908",8650,241,146
1584474929,2020-03-17T19:55:29Z,KLM281,"37.463753,-122.272041",8525,241,137
1584474935,2020-03-17T19:55:35Z,KLM281,"37.45961,-122.265892",8450,240,126
1584474941,2020-03-17T19:55:41Z,KLM281,"37.456009,-122.258369",8350,239,119
1584474947,2020-03-17T19:55:47Z,KLM281,"37.453136,-122.251022",8250,238,115
1584474953,2020-03-17T19:55:53Z,KLM281,"37.450562,-122.24353",8150,238,112
1584474959,2020-03-17T19:55:59Z,KLM281,"37.448318,-122.235405",8025,239,107
1584474965,2020-03-17T19:56:05Z,KLM281,"37.446533,-122.227928",7900,238,106
1584474976,2020-03-17T19:56:16Z,KLM281,"37.441917,-122.211792",7650,241,111
1584474989,2020-03-17T19:56:29Z,KLM281,"37.436703,-122.195732",7450,239,112
1584475000,2020-03-17T19:56:40Z,KLM281,"37.432144,-122.18206",7275,233,112
1584475011,2020-03-17T19:56:51Z,KLM281,"37.427673,-122.168785",7125,224,113
1584475023,2020-03-17T19:57:03Z,KLM281,"37.422729,-122.15406",7000,218,112
1584475035,2020-03-17T19:57:15Z,KLM281,"37.418289,-122.139977",6875,215,109
1584475041,2020-03-17T19:57:21Z,KLM281,"37.417198,-122.134056",6775,215,99
1584475047,2020-03-17T19:57:27Z,KLM281,"37.417145,-122.125427",6700,214,86
1584475053,2020-03-17T19:57:33Z,KLM281,"37.418472,-122.118469",6625,213,73
1584475059,2020-03-17T19:57:39Z,KLM281,"37.420715,-122.112686",6550,212,61
1584475066,2020-03-17T19:57:46Z,KLM281,"37.425205,-122.105934",6450,213,43
1584475072,2020-03-17T19:57:52Z,KLM281,"37.430187,-122.101456",6375,214,32
1584475078,2020-03-17T19:57:58Z,KLM281,"37.435493,-122.09787",6250,216,26
1584475084,2020-03-17T19:58:04Z,KLM281,"37.441681,-122.094452",6125,219,22
1584475090,2020-03-17T19:58:10Z,KLM281,"37.447784,-122.092018",5975,221,14
1584475096,2020-03-17T19:58:16Z,KLM281,"37.453629,-122.091125",5900,222,4
1584475102,2020-03-17T19:58:22Z,KLM281,"37.459236,-122.091782",5825,219,351
1584475108,2020-03-17T19:58:28Z,KLM281,"37.466034,-122.094704",5650,215,336
1584475114,2020-03-17T19:58:34Z,KLM281,"37.469788,-122.097198",5525,213,331
1584475120,2020-03-17T19:58:40Z,KLM281,"37.474915,-122.101349",5375,210,325
1584475127,2020-03-17T19:58:47Z,KLM281,"37.481186,-122.106956",5150,206,324
1584475143,2020-03-17T19:59:03Z,KLM281,"37.492767,-122.117653",4800,203,323
1584475149,2020-03-17T19:59:09Z,KLM281,"37.497528,-122.12204",4700,203,323
1584475155,2020-03-17T19:59:15Z,KLM281,"37.502335,-122.12648",4625,202,323
1584475161,2020-03-17T19:59:21Z,KLM281,"37.506409,-122.130219",4525,201,323
1584475167,2020-03-17T19:59:27Z,KLM281,"37.511513,-122.134834",4425,200,324
1584475174,2020-03-17T19:59:34Z,KLM281,"37.515984,-122.138954",4325,200,322
1584475180,2020-03-17T19:59:40Z,KLM281,"37.520267,-122.144089",4225,198,311
1584475187,2020-03-17T19:59:47Z,KLM281,"37.524036,-122.150833",4125,196,302
1584475193,2020-03-17T19:59:53Z,KLM281,"37.526917,-122.157043",4050,193,299
1584475199,2020-03-17T19:59:59Z,KLM281,"37.529621,-122.163254",3975,192,298
1584475205,2020-03-17T20:00:05Z,KLM281,"37.532043,-122.169022",3850,191,297
1584475211,2020-03-17T20:00:11Z,KLM281,"37.53447,-122.174866",3675,188,297
1584475224,2020-03-17T20:00:24Z,KLM281,"37.539307,-122.186356",3300,186,297
1584475230,2020-03-17T20:00:30Z,KLM281,"37.541748,-122.192223",3125,186,297
1584475240,2020-03-17T20:00:40Z,KLM281,"37.546371,-122.203262",2750,184,297
1584475247,2020-03-17T20:00:47Z,KLM281,"37.548988,-122.209465",2550,183,297
1584475253,2020-03-17T20:00:53Z,KLM281,"37.551224,-122.214836",2450,184,297
1584475260,2020-03-17T20:01:00Z,KLM281,"37.553692,-122.220634",2325,185,297
1584475271,2020-03-17T20:01:11Z,KLM281,"37.558533,-122.232277",2150,183,297
1584475277,2020-03-17T20:01:17Z,KLM281,"37.560814,-122.23777",2075,182,297
1584475284,2020-03-17T20:01:24Z,KLM281,"37.563278,-122.243675",2025,177,297
1584475290,2020-03-17T20:01:30Z,KLM281,"37.565468,-122.248993",1975,169,297
1584475296,2020-03-17T20:01:36Z,KLM281,"37.567516,-122.253952",1900,165,297
1584475302,2020-03-17T20:01:42Z,KLM281,"37.569489,-122.258957",1800,161,295
1584475314,2020-03-17T20:01:54Z,KLM281,"37.573429,-122.269173",1550,154,295
1584475325,2020-03-17T20:02:05Z,KLM281,"37.577362,-122.278183",1375,147,301
1584475331,2020-03-17T20:02:11Z,KLM281,"37.579559,-122.282738",1300,147,301
1584475337,2020-03-17T20:02:17Z,KLM281,"37.581482,-122.286789",1225,147,300
1584475343,2020-03-17T20:02:23Z,KLM281,"37.583622,-122.291328",1125,146,299
1584475350,2020-03-17T20:02:30Z,KLM281,"37.585438,-122.295685",1050,145,297
1584475356,2020-03-17T20:02:36Z,KLM281,"37.587296,-122.30027",975,144,297
1584475368,2020-03-17T20:02:48Z,KLM281,"37.591026,-122.30954",825,143,296
1584475379,2020-03-17T20:02:59Z,KLM281,"37.594658,-122.318253",675,142,298
1584475387,2020-03-17T20:03:07Z,KLM281,"37.596939,-122.323509",575,142,298
1584475393,2020-03-17T20:03:13Z,KLM281,"37.598801,-122.327866",500,142,298
1584475404,2020-03-17T20:03:24Z,KLM281,"37.60257,-122.336761",350,144,298
1584475410,2020-03-17T20:03:30Z,KLM281,"37.604462,-122.34124",275,143,297
1584475417,2020-03-17T20:03:37Z,KLM281,"37.606247,-122.345482",225,142,298
1584475423,2020-03-17T20:03:43Z,KLM281,"37.608158,-122.350021",150,143,297
1584475429,2020-03-17T20:03:49Z,KLM281,"37.610111,-122.354614",50,143,298
1584475436,2020-03-17T20:03:56Z,KLM281,"37.612564,-122.360405",0,141,297
1584475442,2020-03-17T20:04:02Z,KLM281,"37.6143,-122.364525",0,138,298
1584475448,2020-03-17T20:04:08Z,KLM281,"37.616024,-122.368645",0,125,297
1584475454,2020-03-17T20:04:14Z,KLM281,"37.617317,-122.371735",0,94,284
1584475460,2020-03-17T20:04:20Z,KLM281,"37.618423,-122.374374",0,69,284
1584475467,2020-03-17T20:04:27Z,KLM281,"37.619156,-122.376122",0,47,284
1584475473,2020-03-17T20:04:33Z,KLM281,"37.619678,-122.37735",0,33,284
1584475482,2020-03-17T20:04:42Z,KLM281,"37.620037,-122.378334",0,15,275
1584475488,2020-03-17T20:04:48Z,KLM281,"37.620003,-122.378784",0,29,250
1584475494,2020-03-17T20:04:54Z,KLM281,"37.619843,-122.379089",0,23,227
1584475500,2020-03-17T20:05:00Z,KLM281,"37.619671,-122.379341",0,26,216
1584475508,2020-03-17T20:05:08Z,KLM281,"37.619293,-122.379486",0,27,180
1584475514,2020-03-17T20:05:14Z,KLM281,"37.618935,-122.37925",0,28,137
1584475521,2020-03-17T20:05:21Z,KLM281,"37.618679,-122.379036",0,29,135
1584475528,2020-03-17T20:05:28Z,KLM281,"37.618229,-122.378799",0,31,146
1584475538,2020-03-17T20:05:38Z,KLM281,"37.61771,-122.378647",0,27,154
1584475544,2020-03-17T20:05:44Z,KLM281,"37.617432,-122.378616",0,25,163
1584475551,2020-03-17T20:05:51Z,KLM281,"37.617107,-122.378639",0,23,168
1584475559,2020-03-17T20:05:59Z,KLM281,"37.616741,-122.378708",0,26,177
1584475566,2020-03-17T20:06:06Z,KLM281,"37.616409,-122.378853",0,27,185
1584475572,2020-03-17T20:06:12Z,KLM281,"37.616123,-122.379028",0,25,194
1584475578,2020-03-17T20:06:18Z,KLM281,"37.615883,-122.379204",0,25,194
1584475585,2020-03-17T20:06:25Z,KLM281,"37.615547,-122.379425",0,28,194
1584475596,2020-03-17T20:06:36Z,KLM281,"37.614967,-122.379807",0,32,194
1584475602,2020-03-17T20:06:42Z,KLM281,"37.614628,-122.380035",0,34,194
1584475608,2020-03-17T20:06:48Z,KLM281,"37.614254,-122.380295",0,33,194
1584475614,2020-03-17T20:06:54Z,KLM281,"37.613926,-122.380508",0,31,194
1584475620,2020-03-17T20:07:00Z,KLM281,"37.61359,-122.380722",0,32,194
1584475626,2020-03-17T20:07:06Z,KLM281,"37.613255,-122.380966",0,34,194
1584475632,2020-03-17T20:07:12Z,KLM281,"37.61285,-122.381226",0,15,194
1584475643,2020-03-17T20:07:23Z,KLM281,"37.612072,-122.381737",0,16,194
1584475650,2020-03-17T20:07:30Z,KLM281,"37.611683,-122.381981",0,34,194
1584475662,2020-03-17T20:07:42Z,KLM281,"37.611042,-122.382439",0,25,196
1584475670,2020-03-17T20:07:50Z,KLM281,"37.610916,-122.382828",0,25,236
1584475676,2020-03-17T20:07:56Z,KLM281,"37.610996,-122.383125",0,20,267
1584475682,2020-03-17T20:08:02Z,KLM281,"37.610939,-122.383408",0,22,244
1584475688,2020-03-17T20:08:08Z,KLM281,"37.610695,-122.383621",0,24,205
1584475695,2020-03-17T20:08:15Z,KLM281,"37.610462,-122.383766",0,24,194
1584475703,2020-03-17T20:08:23Z,KLM281,"37.610126,-122.38401",0,25,199
1584475710,2020-03-17T20:08:30Z,KLM281,"37.609863,-122.384232",0,25,199
1584475719,2020-03-17T20:08:39Z,KLM281,"37.609509,-122.384567",0,26,202
1584475730,2020-03-17T20:08:50Z,KLM281,"37.608971,-122.384964",0,29,196
1584475736,2020-03-17T20:08:56Z,KLM281,"37.608795,-122.385338",0,29,227
1584475742,2020-03-17T20:09:02Z,KLM281,"37.608856,-122.385681",0,29,264
1584475750,2020-03-17T20:09:10Z,KLM281,"37.609066,-122.386116",0,29,286
1584475757,2020-03-17T20:09:17Z,KLM281,"37.609268,-122.386597",0,30,284
1584475763,2020-03-17T20:09:23Z,KLM281,"37.609486,-122.387108",0,32,284
1584475770,2020-03-17T20:09:30Z,KLM281,"37.609669,-122.387589",0,33,284
1584475784,2020-03-17T20:09:44Z,KLM281,"37.61018,-122.388588",0,33,292
1584475790,2020-03-17T20:09:50Z,KLM281,"37.610241,-122.389084",0,32,261
1584475796,2020-03-17T20:09:56Z,KLM281,"37.610111,-122.389519",0,32,239
1584475802,2020-03-17T20:10:02Z,KLM281,"37.610123,-122.389992",0,34,261
1584475809,2020-03-17T20:10:09Z,KLM281,"37.610413,-122.390472",0,33,295
1584475815,2020-03-17T20:10:15Z,KLM281,"37.610657,-122.390862",0,34,295
1584475823,2020-03-17T20:10:23Z,KLM281,"37.610996,-122.39138",0,34,295
1584475829,2020-03-17T20:10:29Z,KLM281,"37.611286,-122.391769",0,15,300
1584475835,2020-03-17T20:10:35Z,KLM281,"37.611694,-122.392006",0,34,326
1584475842,2020-03-17T20:10:42Z,KLM281,"37.612106,-122.39193",0,28,357
1584475848,2020-03-17T20:10:48Z,KLM281,"37.61237,-122.391739",0,22,16
1584475855,2020-03-17T20:10:55Z,KLM281,"37.612511,-122.391502",0,19,39
1584475862,2020-03-17T20:11:02Z,KLM281,"37.612415,-122.391228",0,19,87
1584475869,2020-03-17T20:11:09Z,KLM281,"37.612267,-122.390984",0,18,106
1584475877,2020-03-17T20:11:17Z,KLM281,"37.612183,-122.39077",0,16,104
1584475886,2020-03-17T20:11:26Z,KLM281,"37.612049,-122.390541",0,2,104
